[{"username": "hjl", "password": "123456", "login_status": "successfully", "number": "1", "site": "dddddddd05", "create_table_permission": "yes", "sid": "db1weweweeew", "null": "true"}, {"username": "user3", "password": "666666", "login_status": "faild", "number": "2", "site": "07", "create_table_permission": "yes", "sid": "db2", "null": "false"}, {"username": "xiaoming", "password": "passw3245ord", "login_status": "faild", "number": "3", "site": "066", "create_table_permission": "yes", "sid": "db3232", "null": "false"}]